Age,Income,CreditScore,Experience,LoanAmount,ExistingLoan,Education,Married,Approved
59,150090,758,34,29477,0,0,0,1
49,26302,383,12,227400,0,0,1,0
35,82506,507,14,399959,0,1,1,0
63,56157,689,17,1034374,1,0,1,0
28,69917,613,32,415105,1,0,1,0
41,238810,321,5,283586,1,1,0,0
59,111646,709,26,833759,1,1,1,1
39,98122,814,22,943703,0,1,1,1
43,39519,426,26,344971,1,0,0,0
31,242881,313,33,141184,1,0,1,0
31,233559,311,37,1145627,1,2,1,0
44,202891,386,13,160653,0,2,1,0
56,95910,823,35,255300,0,1,1,1
60,135430,836,7,594010,1,2,0,1
44,86324,600,34,102036,1,0,1,0
23,20408,542,18,157595,1,2,0,0
42,74379,421,29,863392,1,0,1,0
22,40053,446,13,291696,0,1,1,0
44,155518,866,19,245419,1,1,1,1
64,146994,655,24,1000029,1,0,0,1
50,113723,608,39,164692,1,2,1,1
58,66356,587,23,273031,0,1,1,0
22,25789,606,13,303946,0,1,0,0
41,112720,893,25,498765,1,2,0,1
53,81656,848,37,652927,1,2,0,1
32,59028,651,22,411062,1,0,0,1
42,79484,611,21,493779,1,2,1,0
64,47154,358,18,507952,1,2,1,0
45,228942,334,2,580508,0,2,1,0
47,17336,744,18,842595,0,0,1,0
62,118677,392,8,406981,0,0,0,0
48,82779,506,27,389270,1,1,1,0
36,34029,652,19,1133853,0,0,1,1
35,74201,631,6,1015782,0,1,1,0
64,47265,458,13,493455,0,2,1,0
23,117916,323,8,132332,1,1,0,0
57,189944,703,18,557219,1,1,1,1
27,61197,815,13,99116,0,2,1,1
41,140733,663,37,261671,1,1,1,1
29,201252,681,35,784504,0,0,0,1
59,169782,831,39,1084567,0,0,0,1
38,175558,451,16,524265,0,0,1,0
24,86907,861,29,638380,0,0,1,1
45,143876,719,8,239577,1,1,1,1
34,217967,549,32,720672,1,1,0,0
29,79435,416,24,413777,1,2,1,0
46,55631,811,13,105556,1,1,1,1
22,144038,877,10,405204,0,1,1,1
40,247604,634,34,662755,1,1,0,0
48,35103,717,13,753088,0,2,1,0
27,79772,594,29,660443,1,0,1,1
64,141108,670,3,508682,1,1,0,1
28,29382,485,3,69778,1,2,0,0
55,99291,545,27,1104409,0,2,1,0
34,116195,567,7,819057,0,2,0,1
37,149828,536,1,566376,0,0,1,0
56,35609,829,21,86361,0,1,0,1
60,162550,851,15,1193765,1,2,0,1
24,247050,320,28,532154,0,0,1,0
22,185738,819,29,632006,0,2,1,1
26,90683,399,11,1021930,1,2,1,0
62,245169,777,34,994558,1,2,0,1
24,139714,898,10,1089525,0,2,1,1
49,145330,597,20,864568,1,2,1,0
38,246492,825,20,1170117,0,0,1,1
46,86315,633,4,71842,1,1,1,0
64,92834,301,19,498019,0,1,1,0
54,141205,674,36,299134,0,1,0,1
30,29153,592,2,681553,0,1,1,0
56,91325,852,32,140356,0,0,1,1
34,159071,617,8,778917,0,0,0,0
51,70318,801,8,747090,1,0,1,1
35,146886,680,3,924565,0,2,1,0
28,130033,313,34,797738,0,2,1,0
34,91077,803,16,1062425,0,2,1,1
43,105474,530,33,22360,0,1,1,0
60,148515,383,23,383216,0,2,0,0
41,222065,429,31,787567,1,1,0,0
36,221988,444,0,629055,1,2,0,0
38,88319,327,7,271445,0,1,1,0
44,140885,365,22,440179,1,2,0,0
46,124777,462,39,64330,0,2,1,0
45,32368,528,11,61707,1,0,1,0
61,161400,560,11,290833,1,2,1,0
49,203014,748,14,1098963,0,2,0,1
35,106751,723,18,196633,1,0,0,1
21,245203,759,25,844874,1,1,0,0
45,42306,600,28,899493,0,0,1,0
27,231523,602,21,406210,0,0,0,0
29,185987,586,39,788799,1,1,1,0
44,52219,694,20,798245,1,2,0,0
21,226951,309,37,889459,1,1,0,0
64,210716,569,19,94381,0,2,1,0
28,75279,891,28,851708,1,2,1,1
44,68028,660,3,203984,1,1,0,1
31,119263,556,6,1118848,1,0,0,0
37,15126,432,27,1006358,0,1,0,0
28,67329,575,27,748096,0,2,1,0
55,42632,812,3,263091,0,1,1,1
55,211382,612,21,862050,0,1,0,0
53,124945,875,11,274064,1,2,0,1
25,70176,583,2,1164697,0,0,1,0
62,232138,420,21,480435,1,1,0,0
59,190399,406,1,611160,1,2,1,0
61,214976,503,23,274237,1,2,1,0
48,149869,464,33,285049,1,1,1,0
27,193954,604,26,656047,0,0,1,0
29,159790,796,0,427567,0,1,1,0
28,49560,855,7,92289,0,0,1,1
32,91589,455,22,650794,0,0,0,0
54,37116,666,37,269480,0,0,1,1
53,182316,550,5,143498,1,0,1,0
43,247793,633,21,1148585,0,1,0,0
44,147717,810,24,733858,0,2,1,1
57,193595,592,17,433159,0,2,0,0
55,139085,319,16,731755,0,2,1,0
64,132718,581,11,54816,1,2,0,0
60,34256,300,5,14138,1,2,0,0
42,247448,418,25,1149752,1,2,1,0
47,115158,334,26,800449,1,1,1,0
55,199245,497,7,806883,1,0,1,0
21,183502,784,18,366007,0,2,1,0
55,185354,358,0,806710,1,1,0,1
57,134719,460,28,231552,1,2,0,0
34,209446,505,34,53764,1,2,0,1
23,83244,311,39,133030,0,0,1,0
21,157766,789,13,928638,0,0,0,0
25,71264,575,34,326462,1,0,1,0
46,221132,541,19,899855,0,2,1,0
34,243488,515,12,70128,0,2,0,0
59,72545,550,37,229128,1,2,1,0
47,54224,425,7,818301,0,0,0,1
29,248588,516,19,15039,0,1,1,0
35,112945,605,32,162353,0,2,0,1
35,28224,484,25,122935,1,2,1,0
46,55738,338,38,63053,1,2,0,0
62,171222,522,20,96346,1,1,0,0
33,78731,483,8,339231,0,2,1,0
52,195760,794,23,415841,1,1,1,1
59,246001,726,36,568685,0,2,0,1
52,219581,477,16,126214,0,1,1,0
24,154649,727,23,495001,0,2,1,1
50,23070,593,20,863329,1,0,1,0
57,141161,450,38,997410,1,0,0,0
43,23666,683,38,410826,1,0,0,0
59,72761,607,12,446542,1,0,1,0
35,51368,635,10,647431,0,2,1,0
63,152855,674,18,382397,1,0,0,1
49,56914,307,10,372441,0,1,1,1
56,216579,640,12,893520,1,0,0,0
33,142738,428,0,544391,1,0,1,0
52,225098,651,39,436674,1,0,1,0
27,82526,657,18,1018109,0,2,1,0
42,216907,816,11,92409,0,0,0,1
48,191837,794,7,1081824,0,1,0,1
22,34956,385,7,708876,0,0,0,0
62,233967,474,11,1066600,0,0,0,0
26,61240,492,32,485430,1,0,1,0
48,136008,610,25,946800,0,1,1,0
48,183220,418,38,1143754,0,0,0,0
64,109270,517,27,1057380,0,1,1,0
64,19757,726,4,897553,0,1,1,0
40,34097,713,7,816457,1,0,0,0
50,156467,413,24,1122186,0,1,1,0
31,162313,444,26,641525,1,2,1,0
48,118892,837,22,708787,1,0,0,1
45,173768,602,29,1064244,1,0,1,0
59,85480,887,22,188267,0,1,1,1
53,61163,644,19,165489,1,1,1,0
21,34816,300,17,354126,0,0,0,0
47,195912,446,17,318362,0,2,0,0
33,248619,586,1,923081,0,1,1,0
61,67853,352,3,1147411,0,1,1,0
23,170989,603,29,825359,0,2,1,0
59,111731,368,32,111948,1,2,0,0
26,167638,660,35,303851,1,0,0,1
28,221524,519,17,1196944,0,2,0,0
47,77823,874,36,307986,1,0,1,1
29,166878,884,18,23261,0,2,1,1
57,221592,460,27,1135285,1,1,1,0
53,16759,388,39,378760,1,0,1,0
62,188021,884,19,863605,1,0,1,1
64,107374,888,32,285796,1,0,0,1
44,148554,458,11,780692,1,2,1,0
35,39442,788,14,438745,0,1,1,1
52,179791,623,38,647787,0,0,1,1
52,204138,680,1,683812,1,0,0,0
44,108501,401,28,845825,0,0,1,0
61,17079,793,9,700796,1,0,0,0
32,148789,318,1,335203,0,1,0,0
59,74676,753,10,354866,1,2,0,1
22,174024,781,12,785107,1,1,0,1
23,232516,893,9,546644,1,0,0,1
57,188532,696,13,662416,0,1,1,1
37,105397,578,17,1026003,0,0,1,0
22,87847,664,8,1060763,1,2,0,1
22,108607,630,38,686585,1,2,0,0
48,235178,643,27,1184846,0,2,0,0
43,164521,754,2,341607,0,0,1,1
57,179608,364,19,999336,0,1,1,0
52,79077,375,5,777286,0,2,0,0
53,53258,442,26,1039933,0,0,1,0
21,194374,772,1,930095,1,0,1,0
39,174937,716,28,1050950,0,1,0,1
22,152717,604,37,775791,1,2,0,0
64,134771,796,2,976020,1,0,1,1
46,53000,590,15,363827,0,1,1,0
52,41737,401,29,1139833,0,2,1,0
26,26485,566,39,71753,1,1,0,0
52,53565,302,1,881206,0,1,0,0
24,171594,384,16,1081984,1,0,0,0
31,134614,627,11,134116,0,0,1,0
37,80155,749,34,1032780,0,0,1,0
58,201240,753,0,665496,0,1,0,0
44,67487,520,14,27413,1,0,1,0
25,144948,453,25,647938,0,1,0,0
54,27342,311,36,1118076,1,1,1,0
26,55806,432,20,880946,0,0,0,0
42,63770,603,30,1114934,1,2,1,0
31,93623,592,24,76197,0,2,1,1
36,118177,599,22,503992,1,2,0,0
53,245857,342,23,233492,1,1,0,0
29,146026,642,37,795833,1,1,0,0
26,90629,625,27,436070,1,1,0,0
36,135993,797,20,86240,1,0,0,1
49,198675,663,17,245595,1,1,1,1
23,141944,726,35,1065544,0,0,0,1
40,228046,320,34,299662,1,0,0,0
56,120947,706,8,848357,1,2,0,1
39,41399,635,37,200920,1,2,0,0
46,143177,416,29,908332,0,2,0,0
23,231454,423,33,889854,0,0,1,0
39,227316,698,31,242076,0,0,0,1
40,124575,350,2,1081775,1,0,0,1
52,125904,623,2,447805,0,1,0,0
27,222606,440,27,173187,0,0,1,0
61,201178,769,14,465150,1,2,1,1
53,45678,633,22,519551,1,2,0,1
60,91218,672,39,1064096,0,0,0,1
59,78230,863,10,177527,1,0,1,1
38,89055,793,31,780644,1,2,1,1
60,202445,838,35,657652,1,0,1,1
21,177552,455,32,997797,1,2,0,0
31,231302,590,23,260144,0,1,0,0
48,214908,443,38,74925,1,2,1,0
45,87258,405,33,379360,0,1,0,0
43,54986,719,27,604557,0,0,1,1
51,170232,301,36,958458,0,0,1,0
50,100595,888,6,1000121,0,1,1,0
62,116358,389,3,1158553,1,0,0,0
55,225183,644,36,493442,1,1,1,0
27,79929,649,0,840371,1,0,1,0
36,88506,758,0,1087921,0,2,0,0
46,49911,562,19,789976,0,0,1,0
22,102127,650,18,1019869,0,2,0,1
21,177893,407,28,503814,1,2,1,0
32,221111,885,9,341310,0,1,0,1
25,206607,338,17,107406,1,0,1,0
57,128453,458,27,974725,1,1,1,0
52,99458,882,34,589223,1,0,1,1
29,27175,611,30,394583,1,2,1,0
61,134235,540,26,1031436,0,2,1,0
55,69771,744,10,804760,1,0,0,0
39,142157,597,37,1074110,0,0,0,1
36,136300,335,4,1012429,1,1,1,0
23,101925,383,7,1159122,0,0,1,0
40,81358,751,33,614489,0,0,1,1
44,163399,684,11,1056439,1,0,0,1
53,62057,471,37,768761,1,1,0,0
44,21150,675,0,241324,1,0,1,0
31,19425,661,30,494273,0,2,0,0
28,31032,858,3,929424,1,1,1,1
56,17198,440,4,316081,1,1,1,0
58,206572,417,29,735084,0,2,1,0
60,199466,576,23,698332,1,2,0,0
40,166151,519,2,736448,0,2,1,0
55,182292,325,10,432132,1,0,1,0
45,187946,820,3,80463,0,2,1,1
55,159931,309,25,103500,0,0,0,0
45,196532,677,26,571446,1,1,0,1
49,177491,883,26,1143183,0,1,0,0
38,133865,451,5,779305,1,2,1,0
38,154777,348,14,343840,1,0,0,0
22,188952,453,29,857942,0,2,1,0
55,38236,592,36,130076,1,2,0,0
36,102955,879,36,1117268,0,0,1,1
61,231586,349,36,665129,0,2,0,0
56,118145,830,34,727104,0,1,1,1
53,161430,359,22,812242,0,2,0,0
24,245785,466,5,932630,0,0,0,0
53,109914,501,3,171081,0,0,0,0
34,117870,445,17,1170294,0,1,1,0
41,222990,738,8,534480,0,0,0,0
40,131243,541,28,257536,1,0,0,0
28,29596,880,12,46413,1,1,0,1
27,179644,860,16,861480,0,2,0,1
23,224829,782,31,585228,1,1,1,1
37,147351,407,21,574430,1,2,0,0
53,209269,525,3,46468,1,1,1,0
32,126496,731,4,958202,1,2,1,1
42,145273,718,36,676015,1,1,1,1
42,208588,754,12,936863,1,2,1,1
50,153155,459,33,925480,0,1,0,0
58,135674,822,21,52056,1,2,1,1
58,135307,889,22,61831,1,1,1,1
28,163843,376,2,855623,1,0,1,1
47,176047,808,33,783952,1,2,1,1
47,191720,740,31,918380,0,1,0,1
54,194357,553,20,436488,0,2,0,0
41,34063,619,20,642405,0,2,1,0
50,82642,562,10,286815,0,1,1,0
53,105093,896,38,1003778,1,2,1,1
48,232215,853,3,578242,0,1,0,1
53,183671,673,0,243192,0,0,0,0
25,197992,466,27,535005,0,2,0,0
39,174601,758,23,1177272,0,0,0,1
24,50954,579,34,1022140,1,2,0,0
55,42856,601,12,14994,0,2,1,0
37,17573,830,33,800666,1,2,0,0
64,224416,879,10,79300,0,1,0,1
48,50367,517,35,316093,1,0,1,0
50,248409,401,16,571693,1,2,0,0
49,114608,853,34,526479,0,1,0,0
26,75774,587,17,349679,0,2,0,0
55,38752,466,39,1110293,0,1,1,0
61,70029,335,21,1061339,0,2,0,0
57,163757,652,23,365054,1,0,1,0
44,145282,372,18,1114056,1,0,1,0
49,66693,652,36,1176670,0,2,0,1
51,131739,369,38,690667,0,1,0,0
55,70961,724,20,761731,1,2,0,0
53,222980,860,7,1135424,0,1,0,1
41,141678,816,27,802908,1,2,1,1
52,89532,727,4,454972,0,1,0,1
43,96994,838,16,452899,1,0,1,1
53,71133,459,36,491215,1,2,1,0
23,243497,448,35,710636,1,0,1,0
38,76268,529,18,430162,1,0,1,0
45,238273,861,26,780050,1,2,1,1
62,184315,366,33,1001437,0,2,0,1
51,203456,680,10,55095,1,1,1,1
23,46653,357,11,402118,0,1,1,0
60,172729,558,20,360067,1,0,0,0
44,186024,641,10,1167738,1,1,0,0
52,168252,429,38,393071,0,1,1,0
42,243504,471,27,280170,0,2,1,0
43,136829,508,4,281421,0,1,0,0
22,143377,653,16,183311,0,0,1,1
47,224483,770,19,450880,1,1,0,1
62,16622,415,11,844440,0,0,0,0
22,63756,563,5,666030,1,2,1,0
46,55809,741,16,683249,0,0,0,0
37,31725,847,18,709895,0,1,1,0
60,207468,752,25,350686,1,2,1,1
53,66226,776,31,255144,1,1,1,1
29,96182,586,5,944137,0,2,0,0
63,228637,602,35,786505,1,2,1,0
59,44402,610,37,962164,1,1,0,0
49,19263,507,10,341119,1,1,1,1
62,242595,745,32,462413,1,2,1,1
46,192900,354,23,1159734,1,2,0,0
55,62924,311,22,986351,1,1,1,0
45,89182,699,14,873731,1,0,1,1
44,239137,814,26,816608,1,1,0,1
33,205124,841,10,1122548,0,2,0,1
27,157736,536,16,916450,1,1,0,1
56,50737,578,13,292140,0,0,1,0
40,116332,647,26,658456,1,1,0,0
21,104563,403,17,1181675,1,2,0,0
28,175445,816,27,568981,1,1,1,1
36,182469,547,3,118944,1,2,0,0
34,143575,663,6,257572,0,2,1,1
32,232217,620,34,207097,0,1,1,0
43,116371,585,8,840948,1,2,0,0
35,53709,448,7,622084,0,2,1,0
48,207192,383,16,298213,1,0,0,0
54,165322,705,16,983737,1,0,0,1
22,36172,755,32,1143387,0,0,0,1
52,26555,460,31,390172,0,0,0,0
43,233482,759,7,464151,1,2,1,1
42,224689,849,18,551287,1,1,1,1
45,68276,799,37,705532,0,2,0,0
42,72492,808,2,305866,1,2,0,1
42,199074,780,4,807057,0,2,1,1
62,104599,413,12,208237,1,1,0,0
26,218427,877,30,541147,1,0,1,1
35,237320,660,15,969113,0,2,0,1
63,170834,640,31,970811,0,2,1,0
57,26046,748,21,645274,0,0,1,0
53,243071,479,28,849385,1,2,1,1
28,131021,706,21,59522,1,1,0,1
64,174841,495,2,240233,1,2,0,0
64,199374,765,9,408102,1,2,0,1
25,169222,610,20,17485,0,0,0,0
59,214319,561,15,122701,1,2,0,0
24,19853,718,11,217352,1,2,1,0
26,240685,705,1,194514,1,1,1,1
52,135900,442,23,455093,0,0,1,0
50,235471,641,34,808658,1,0,1,0
55,167864,615,29,627693,1,1,1,0
60,74129,400,29,1015535,0,2,1,0
36,220550,543,34,47019,1,0,1,0
33,129130,789,18,972452,1,0,0,1
62,213370,311,7,599421,0,2,1,1
50,178059,538,25,389747,1,2,0,0
39,161922,860,39,168598,1,0,1,1
37,158184,341,6,662873,1,2,1,0
39,136789,893,29,839827,0,0,0,1
48,170130,728,6,427247,1,2,1,1
46,191492,457,2,478758,1,2,0,0
57,53890,515,0,965205,0,1,1,0
46,81017,761,35,384743,0,2,0,1
43,193376,433,24,35939,1,1,1,0
29,178993,366,36,976649,1,2,0,1
32,147596,306,0,947828,1,0,0,0
21,115424,825,14,796635,1,0,1,0
21,30048,372,36,944048,0,2,1,0
54,181183,698,12,943403,1,2,0,1
52,183976,704,39,538036,0,0,1,1
45,69912,877,7,877196,0,2,0,0
60,49008,429,4,1009074,1,1,1,0
21,146132,765,8,474462,1,1,0,0
36,220738,505,0,904468,0,1,1,0
59,98559,565,35,684619,0,1,0,0
25,70337,836,34,912957,1,1,1,0
42,125616,552,1,357823,0,2,0,0
49,28350,588,39,1184405,1,2,0,0
23,39354,463,22,1186792,1,1,1,0
32,60186,394,8,185607,0,2,1,0
46,43145,409,33,419319,0,2,0,0
36,180092,635,13,362156,1,1,0,0
57,101123,537,3,284535,0,2,0,0
42,221258,680,29,1161052,1,2,0,1
49,231541,735,30,956405,1,2,1,1
34,35581,782,37,392865,1,1,0,1
48,103929,324,10,631825,0,2,0,0
25,38051,416,34,927472,1,0,0,1
50,66474,781,7,191429,1,0,1,0
25,106748,691,2,831935,1,1,0,1
32,140995,836,13,1133979,1,0,1,1
36,84626,378,12,598574,1,1,1,0
46,21960,879,31,346986,1,0,1,0
46,181844,472,33,114927,1,0,1,0
41,167592,311,18,495833,1,0,1,0
59,195553,427,37,309372,1,1,1,0
56,51408,391,15,33386,1,1,1,0
53,109006,842,1,262156,1,2,0,1
50,72134,831,39,1012252,0,1,0,0
57,166563,746,16,859776,1,0,1,1
43,147413,689,33,963122,1,0,0,1
30,190695,342,15,479450,1,1,0,0
25,105327,553,37,333258,0,1,1,0
56,146410,429,1,258724,1,1,0,0
54,217503,359,1,211202,0,2,1,0
51,158326,766,25,1084101,1,0,0,1
30,197932,586,12,1138394,1,2,1,0
39,26344,816,30,124589,0,2,1,1
52,147822,766,33,629003,1,0,0,1
21,200828,644,38,203839,0,0,0,0
25,82957,681,2,803076,0,1,1,0
24,120423,552,7,373298,1,1,1,0
36,73053,355,22,516453,1,2,1,0
44,216927,762,13,960437,1,1,0,1
36,161968,756,26,267438,1,1,0,1
22,201833,382,28,839901,0,0,0,0
48,208624,398,38,436903,0,0,0,0
52,92454,448,38,903041,1,1,1,0
47,105600,628,0,455872,0,0,1,0
40,137732,455,16,420591,0,1,1,0
44,174007,489,29,892894,1,0,1,0
32,52641,793,12,449503,0,0,0,1
55,44711,562,20,1145300,0,0,1,1
53,85342,379,18,763492,1,0,1,0
53,121896,699,18,106393,0,1,0,1
63,158254,559,24,605484,1,2,0,0
57,102833,851,21,411426,0,0,1,1
32,71276,400,30,1091916,1,1,0,0
23,34541,658,16,311994,0,1,1,1
21,109457,679,22,984488,0,0,0,1
53,228382,520,31,647999,1,2,0,0
60,59813,719,9,749538,1,0,1,0
30,183270,423,9,1069670,1,1,0,0
63,154892,721,35,960922,1,2,1,1
64,39070,530,7,475590,0,1,0,0
49,215840,362,19,1127374,0,0,0,0
33,157194,784,31,912458,0,2,0,1
32,95559,873,13,211604,1,1,0,1
51,219615,782,27,120130,0,1,0,1
22,229513,818,23,818596,0,1,1,1
55,56786,454,14,700955,1,0,0,0
43,241006,391,21,40257,1,2,1,1
37,245876,825,29,417427,0,0,0,1
46,152809,754,3,892421,1,0,1,1
28,51062,897,12,932736,0,0,0,0
49,200309,809,22,995257,0,2,1,1
46,66571,482,7,1111267,1,0,1,0
30,40510,685,17,428829,0,0,0,1
46,34426,873,11,548314,1,0,0,0
54,52265,704,30,759450,1,0,0,0
61,163922,545,13,553898,0,1,1,0
27,81150,890,33,335329,0,0,1,1
24,102312,770,17,868999,0,1,0,1
31,104613,722,33,1051482,1,0,0,1
49,89910,364,10,832614,0,2,1,0
56,67375,312,11,928074,1,1,1,0
45,136826,512,14,553576,1,1,0,0
41,50435,541,30,875256,0,1,1,0
56,111443,792,28,10917,1,1,0,1
30,203204,512,25,1022544,0,2,0,1
57,225017,637,17,861007,0,0,0,0
29,228122,472,31,868950,0,1,1,0
44,241474,463,21,787475,0,2,1,0
55,149055,764,37,1097680,0,1,1,1
55,243313,796,16,683422,0,0,1,1
56,166734,694,22,289143,0,1,0,1
38,38510,607,23,272091,1,2,1,0
59,224259,482,7,413157,0,0,0,0
52,187070,809,5,595457,1,2,0,1
44,202918,845,4,1188320,1,0,0,1
43,109071,863,28,69821,1,0,1,1
52,21640,893,27,259265,0,0,0,0
57,59547,526,10,447651,1,1,0,0
32,69620,735,0,284336,1,2,1,0
33,161389,721,18,213834,0,2,0,1
43,130608,853,8,1145371,0,2,1,1
45,22564,320,26,338821,1,0,1,0
55,173417,853,33,669987,0,1,1,1
61,128824,696,3,253877,0,0,0,1
50,240295,404,35,930759,0,2,1,0
37,94273,491,17,146285,0,1,1,0
40,89859,316,14,1160988,1,1,1,0
45,226837,419,12,126545,0,1,1,0
42,125017,692,18,684533,0,2,0,1
33,220110,724,5,795945,0,1,1,1
39,138618,428,11,296663,1,1,0,0
56,198465,429,36,791163,1,0,1,0
32,212153,871,16,1004453,0,0,0,1
61,140341,859,22,24995,0,1,1,1
39,248722,328,25,33559,1,1,0,0
32,44430,396,28,531244,0,0,1,0
29,221604,309,32,408237,0,0,0,0
27,42788,541,26,632288,1,0,0,0
48,241577,531,24,454755,0,2,0,0
34,194615,583,9,498051,0,2,1,0
51,159991,499,22,835782,1,0,0,0
39,84346,378,20,449439,1,1,0,0
36,111122,472,20,1084093,0,0,0,0
25,54974,766,12,425466,1,2,0,1
55,122309,880,36,486111,0,1,1,1
32,31371,715,32,885564,0,2,0,0
45,60084,748,23,494282,0,1,0,1
41,175701,386,10,531396,1,2,0,0
56,197256,400,16,1164262,1,1,1,0
43,76916,307,3,957272,0,1,0,0
36,88972,499,24,729778,0,1,0,0
59,208259,804,29,1044451,1,1,0,1
62,27984,386,8,318974,1,2,0,0
59,48039,342,20,62446,1,2,1,0
34,100431,684,19,1032582,0,1,0,1
51,98691,734,18,721943,1,1,0,1
25,73606,707,18,954734,1,2,1,0
55,156688,782,11,150148,0,1,1,1
43,117665,316,36,41085,0,1,1,1
49,120373,447,16,534006,0,1,0,0
63,196144,576,36,1064326,1,0,1,0
31,39574,531,38,350912,0,1,0,0
38,149502,665,27,45903,0,0,1,1
32,158748,527,34,622242,0,1,0,1
29,156888,735,17,522493,0,2,1,1
30,47733,698,13,1015489,1,0,0,0
64,231752,510,34,879446,0,0,1,0
37,17050,690,6,651593,1,1,0,0
58,124996,798,12,210753,1,1,0,1
27,48933,839,17,42101,1,0,0,1
33,39951,862,36,12775,0,2,0,1
60,47413,790,12,500399,1,2,0,1
62,180873,741,35,55619,0,1,0,1
29,201691,560,30,422755,0,2,0,0
47,178985,649,1,75149,0,2,0,0
22,127573,651,15,36616,1,1,1,1
25,186672,819,8,756055,0,2,0,1
49,203847,619,8,216903,0,1,0,0
57,236888,437,37,1048218,0,0,1,0
58,236165,849,10,362365,1,1,0,1
39,181472,667,21,911311,1,0,1,1
28,150566,519,32,297623,1,0,0,0
21,226760,636,35,371309,0,2,1,0
42,137744,522,22,65863,1,2,1,0
37,104431,659,33,505654,0,2,0,1
27,220763,628,8,787635,0,1,1,0
45,243491,762,23,723340,1,2,0,1
24,58001,860,7,1010460,0,0,0,0
56,82364,681,6,288495,1,2,0,1
26,139988,889,35,1193779,0,2,0,1
51,60028,468,17,257908,1,1,1,0
39,243731,516,2,841257,0,1,0,0
64,183645,677,27,611982,0,0,1,0
59,146878,418,5,943334,0,1,1,0
47,139343,489,20,710033,0,2,0,0
30,202710,669,27,923438,0,1,0,1
46,143301,448,39,754822,1,0,0,0
39,141295,787,0,579354,0,2,0,0
59,175829,673,35,144445,1,0,1,1
23,49636,459,20,413551,1,1,0,0
33,226169,650,34,951245,1,1,1,1
48,194352,587,12,579829,0,0,0,0
40,39262,587,9,601271,0,2,0,0
48,95435,525,9,163837,0,1,0,0
28,208283,822,12,724647,1,1,0,1
61,200914,821,36,917179,0,2,1,1
59,143583,572,37,881535,0,1,1,0
21,203051,701,23,187597,1,0,0,1
23,227542,482,1,1045408,1,1,1,0
33,184269,787,21,488454,1,1,1,1
48,56844,423,16,869625,1,2,0,1
45,79754,713,35,506440,1,0,0,1
53,247940,471,13,786372,1,2,1,0
58,180229,587,9,655303,0,1,1,0
26,92129,734,34,182257,1,1,1,1
64,55042,412,24,305599,0,2,1,0
52,76665,421,2,955522,0,2,0,0
41,131953,843,37,326363,0,2,0,1
36,228928,521,16,842423,1,0,1,0
41,173448,338,11,607904,0,1,0,0
31,201626,796,23,126841,1,2,1,1
57,160271,532,28,179934,1,1,1,1
56,133533,829,24,1145270,0,0,0,1
55,227484,448,35,247068,1,0,1,0
39,197020,696,25,840288,0,0,1,1
40,88781,601,37,111407,0,0,0,0
38,218822,659,0,861161,1,1,0,0
61,81262,537,19,588641,0,0,1,0
34,61600,535,27,715356,0,0,1,0
35,91898,502,15,46683,0,2,0,0
51,208555,555,16,1172667,1,0,1,0
21,164369,897,39,127797,0,2,1,1
23,45448,534,27,334934,1,0,0,0
36,41172,644,11,295713,1,0,0,0
43,188946,833,26,807583,0,2,0,1
31,22657,765,29,474310,0,0,0,0
32,230458,840,33,567242,1,1,0,1
30,171497,512,36,1040488,1,1,0,0
52,172757,762,5,778223,0,0,1,1
36,127855,735,6,119373,0,1,1,0
28,170650,582,31,568988,1,2,0,0
58,174903,861,31,1020540,1,0,0,1
32,22906,762,24,1182304,1,0,1,0
44,76413,706,32,863220,1,2,1,1
48,69028,387,6,924424,1,2,1,0
28,22287,343,11,876491,0,2,0,0
48,48660,760,15,929134,1,0,0,1
56,221830,577,15,98059,1,2,1,0
46,75504,720,35,842583,0,2,0,1
28,205792,652,12,452136,0,1,0,1
48,117979,814,6,208303,1,1,0,1
48,49701,318,35,521162,1,0,1,0
57,98300,322,8,483573,0,1,1,0
61,163746,712,31,339125,1,1,0,1
56,98560,329,10,917383,1,2,0,0
47,169946,407,7,919531,0,2,0,0
37,58642,666,32,1140548,1,1,0,0
29,243892,580,22,1113298,0,1,0,0
53,80160,427,24,191890,0,1,1,0
40,32602,528,7,957436,0,0,0,0
33,118320,410,21,127473,0,0,0,0
48,103801,435,3,280741,1,0,0,0
49,40931,661,39,868823,0,1,1,0
33,109377,485,2,749574,1,1,1,0
55,44192,883,28,335437,1,0,0,0
26,61542,428,28,166877,1,0,1,0
38,142015,560,33,882834,1,1,1,0
25,57520,814,33,453066,1,2,1,1
45,79772,748,27,344923,0,0,1,1
22,204834,403,12,629696,0,1,1,0
30,65106,782,14,130062,0,1,1,0
50,96121,523,22,1070676,0,2,0,0
25,40559,790,25,1042499,1,1,1,0
53,120595,772,3,888878,0,1,1,1
21,48742,309,25,244196,1,0,0,0
38,84669,704,39,217609,1,0,0,1
52,226271,601,8,685302,0,2,0,0
31,167826,530,4,293006,0,2,0,1
41,150044,365,31,283813,0,1,1,0
46,85831,411,19,917651,0,0,1,0
45,127217,312,10,719132,1,2,1,0
42,56873,692,14,283022,1,2,1,1
47,240733,799,31,799417,0,2,0,1
33,121532,897,27,501121,1,1,1,1
53,141267,533,21,291075,1,0,1,0
54,155975,613,16,1151452,1,2,0,0
61,149092,865,25,534624,0,0,1,1
55,56755,311,6,839365,1,2,1,0
21,100956,508,25,1012403,0,2,1,0
41,101988,313,24,603792,0,0,1,0
26,60648,717,9,633502,1,0,0,1
48,249609,736,18,123936,1,0,0,1
37,140991,676,10,26279,0,1,0,1
25,155588,319,12,1162327,1,2,0,1
51,130005,886,7,1129962,1,1,0,1
25,17396,369,39,96124,0,0,1,0
58,99082,510,3,346199,0,2,1,0
23,165201,400,30,101911,0,1,0,0
43,143322,431,27,895050,0,2,0,0
57,147663,680,10,732030,1,1,0,1
57,26303,431,0,1003978,1,0,1,0
30,176633,319,37,457244,0,1,0,1
30,86719,835,23,386036,0,2,1,1
39,238180,526,30,247723,0,2,1,0
37,114616,453,25,848927,1,2,1,0
41,139165,768,4,92806,0,2,1,1
34,101231,704,19,741893,1,0,0,1
29,22314,501,10,984334,0,1,1,0
21,34623,337,32,1002144,0,0,1,0
33,213747,487,37,207478,0,0,0,0
24,242898,356,26,497436,1,0,1,0
21,211154,319,33,499709,1,2,1,1
60,229696,572,14,447585,1,2,1,0
52,120228,418,31,367546,0,2,0,0
54,179202,882,20,827108,1,1,1,1
48,197828,815,4,860525,1,2,1,1
51,112624,520,5,191871,0,1,0,0
28,172364,825,37,351558,0,2,0,1
59,126785,814,21,508512,1,2,1,1
46,101206,635,17,777442,1,0,1,0
54,84274,354,13,485278,1,0,0,0
23,148541,799,9,304067,1,0,1,1
32,68947,835,12,389593,0,1,0,1
21,168606,461,30,504955,0,1,1,0
64,209692,893,29,1056195,0,2,0,1
25,63874,458,2,656045,1,1,1,0
50,64708,487,29,827459,1,2,0,0
50,89553,359,5,700824,0,1,0,0
37,83344,618,28,160528,0,1,0,1
43,64138,510,7,478011,1,1,0,0
35,200374,705,32,307698,1,0,0,1
57,62638,408,16,734687,0,1,1,0
41,93249,375,10,756760,0,0,1,0
34,120865,841,12,308783,0,0,0,1
22,17719,613,10,1147613,1,1,1,0
31,168962,416,30,758423,1,2,1,0
59,223308,318,27,28074,1,2,1,0
58,182581,731,5,680909,1,2,1,1
54,57534,649,15,766967,1,1,1,0
58,248374,482,3,586553,1,2,1,0
54,107241,412,34,26061,0,0,0,0
38,164859,482,25,463222,0,2,1,0
50,141209,780,11,647790,1,1,1,1
35,194917,445,10,512175,0,2,1,0
47,204004,412,36,641516,1,0,0,0
54,107124,775,24,216548,0,1,1,0
58,106659,602,17,460983,1,2,1,0
53,179134,417,18,478535,0,1,1,1
44,90713,460,22,506005,0,1,0,0
35,233335,700,37,710757,1,1,1,1
50,241828,497,17,1071809,1,2,0,0
62,206533,559,25,776565,0,1,1,0
37,90418,346,5,493236,0,2,0,1
25,212744,698,3,862159,1,0,0,1
49,143232,858,28,638423,0,2,0,1
24,180904,377,33,380608,1,0,1,0
30,178038,423,16,227314,1,2,0,0
37,218617,374,15,547970,0,1,0,0
30,159059,436,1,164455,1,2,0,0
37,183383,699,33,758692,0,1,0,1
40,46575,804,7,295810,0,0,1,1
44,78852,799,12,437858,1,2,1,1
25,147079,872,7,544522,0,1,1,1
54,217053,437,29,591904,1,0,1,0
26,91242,349,31,281365,1,0,0,0
22,193589,553,35,726773,1,2,1,0
33,44257,862,29,1059627,0,0,0,0
63,233344,725,0,88116,1,1,1,0
63,188279,846,38,394370,0,0,1,1
31,159353,601,16,529385,1,0,1,0
43,76246,880,19,236572,1,1,0,1
36,16435,648,23,141379,1,0,1,0
51,244947,348,21,996399,0,0,1,0
31,246758,373,28,236256,0,0,1,0
36,106357,560,21,832376,1,0,0,0
28,172732,655,8,895987,1,1,1,1
24,151156,881,36,572422,0,0,1,1
60,228269,559,9,430539,0,1,0,0
24,159579,594,35,212834,0,0,0,0
45,218667,612,36,560242,1,0,1,0
23,98807,481,27,720381,0,0,1,0
52,191611,663,27,761287,1,0,1,1
23,130953,487,20,536249,0,1,0,0
47,153563,868,23,546785,1,1,0,1
49,196264,842,39,435767,1,1,0,1
52,226467,895,1,809687,1,2,1,1
39,138797,847,7,145639,0,0,0,1
41,78888,707,26,770177,0,0,1,1
25,88609,713,21,1078965,0,1,0,0
38,24077,641,36,333720,1,2,0,0
48,35953,519,26,1054846,1,0,0,0
62,222991,462,28,840351,0,1,1,0
42,129682,519,2,747463,1,0,1,0
41,82889,569,12,13358,1,0,1,0
26,169893,699,9,360679,1,1,1,1
21,183639,481,35,511110,0,1,0,0
25,130374,504,8,217596,1,0,1,0
61,39860,881,26,640270,0,0,0,1
32,167267,855,33,238129,0,1,1,1
46,92475,527,0,338953,0,0,1,0
54,236946,895,31,627367,0,0,0,1
34,102266,549,24,1114381,0,1,0,0
46,167499,740,28,172421,1,0,1,1
47,115732,832,6,871465,0,0,1,1
29,42083,495,2,248483,0,2,0,0
46,233118,818,19,402551,0,1,0,1
42,72372,369,19,1102617,1,2,0,0
50,138786,698,29,280146,1,2,0,1
63,190136,502,34,117524,1,2,0,0
37,22813,447,34,228306,1,0,1,0
46,46598,771,38,921289,0,0,1,0
56,108106,498,26,554026,0,2,1,0
21,42082,725,25,123776,1,2,1,0
28,44241,791,13,190494,1,2,0,1
55,242286,441,16,202971,1,0,0,1
35,190641,612,17,939896,1,2,0,0
42,26745,464,28,287785,0,2,1,0
34,41029,613,19,278449,1,1,0,0
46,159097,320,26,763622,1,1,0,0
48,247732,381,17,246371,1,0,1,0
43,138395,880,3,612251,1,1,1,1
34,160360,430,0,656275,1,1,1,0
44,104186,898,0,134591,1,1,0,0
22,152612,604,25,602054,1,0,0,0
46,112768,670,19,540799,0,1,1,0
34,228030,683,22,649104,0,0,1,1
27,214950,744,9,510981,0,2,0,1
23,56846,724,10,783720,0,1,1,0
43,247220,460,4,953681,0,0,0,0
63,90932,477,0,276909,0,1,1,0
38,163554,789,16,1170152,1,2,1,1
58,38411,626,21,993667,1,0,1,0
55,197047,897,33,1136101,0,0,0,1
35,206617,588,28,23780,1,0,0,0
45,93797,892,3,278733,0,2,1,1
57,67307,872,4,890096,1,2,0,0
48,149165,872,10,973443,1,2,1,1
30,223330,653,20,114188,1,0,1,1
59,37042,327,34,627614,1,2,0,0
37,67930,342,11,837385,1,1,0,0
59,190485,722,25,600073,1,2,0,1
42,239695,897,18,1084477,0,0,0,1
46,112883,476,6,477927,0,1,1,0
64,48756,828,6,659285,1,2,0,0
45,68268,793,25,307584,0,1,0,1
37,185286,497,39,902015,1,1,1,0
33,227943,876,4,590971,0,0,1,1
40,174674,816,20,396350,1,1,1,1
45,199403,813,13,182502,0,1,1,1
24,63901,321,3,784107,1,0,0,0
30,114986,411,22,864741,0,0,0,0
23,209488,356,19,842359,1,0,1,0
61,178268,365,14,922935,0,1,1,1
38,143386,397,28,459777,1,1,0,0
56,20626,443,7,151449,1,1,0,0
42,153496,734,18,587880,1,0,0,1
54,27857,385,38,1196995,0,2,0,0
28,166054,887,27,305920,0,1,0,1
60,223033,643,26,931287,0,2,1,0
64,148052,593,3,145370,1,0,1,0
39,194362,870,14,866636,0,1,1,1
62,41431,542,34,882639,1,2,1,0
61,99976,860,36,458377,0,1,0,1
57,97711,331,0,857084,0,1,1,0
26,41385,690,2,501830,0,1,0,0
46,184230,576,23,926004,0,2,0,0
54,169091,831,26,253767,1,0,0,1
26,33639,453,39,437244,0,1,0,0
57,100530,682,35,514677,0,0,0,1
53,245983,367,33,873428,1,0,0,0
42,36563,513,28,826698,1,2,0,0
41,185413,675,23,528895,0,2,1,1
26,130672,512,23,427216,0,0,0,0
26,151848,378,3,941515,1,1,1,0
24,182516,680,2,1061442,1,2,1,1
50,214988,357,33,122669,1,1,0,0
31,154783,325,22,802330,0,1,0,0
50,220390,746,22,290539,0,1,1,1
51,97970,365,4,1030747,0,0,1,0
44,100553,553,30,276150,1,1,1,0
29,176779,343,5,699753,1,0,1,0
23,185182,396,36,453258,1,0,0,0
51,207860,853,9,499415,0,1,0,1
60,97879,526,39,957135,1,1,0,0
57,184899,735,6,656012,0,1,1,1
56,151727,678,38,903659,1,1,0,1
44,59859,477,37,734857,0,0,1,0
51,199697,726,20,498029,0,1,0,1
26,67098,606,19,182646,1,1,1,0
22,161323,803,2,360164,0,0,0,1
40,137413,567,21,1153457,1,2,0,0
48,15526,885,3,252934,0,2,1,0
31,83760,307,27,142659,1,0,1,0
24,62837,807,11,511323,1,2,1,1
35,26536,775,37,649872,0,0,1,0
26,43541,596,35,757108,1,1,1,0
50,94083,463,4,872318,0,1,0,1
58,197099,784,12,946320,1,2,1,1
22,49531,896,22,825864,1,1,0,1
35,23712,371,29,277598,1,2,0,0
31,119101,866,36,1160997,1,2,0,1
28,80455,858,24,1011452,0,1,0,1
46,89744,537,26,1105687,1,1,0,0
64,144749,403,13,442829,1,2,1,0
25,20109,509,35,226750,0,1,1,0
26,64268,853,38,130592,0,0,0,1
46,246809,767,15,244000,0,1,0,1
24,69615,753,21,790277,0,1,1,1
39,97503,567,20,332137,0,0,1,0
40,175831,685,20,1187228,0,1,0,1
53,100708,686,7,936352,1,1,1,1
40,206184,558,15,518069,0,2,1,0
32,117471,582,30,862557,1,1,1,0
21,172661,339,9,389653,0,1,0,0
46,176087,785,31,1120178,1,0,1,1
34,175081,519,33,213117,1,2,0,0
58,98309,428,8,247069,1,2,0,0
57,141446,819,16,576510,0,2,0,1
31,208118,559,10,718092,0,1,0,0
56,121661,665,31,1107996,0,2,0,1
33,172215,843,9,609792,0,0,1,1
63,21154,823,21,281604,1,2,0,0
23,167876,315,16,633607,0,0,0,0
53,187760,428,3,674635,1,2,0,0
26,79288,874,24,678629,1,2,1,1
30,66195,408,20,1181248,0,0,1,0
25,35581,832,36,523953,0,2,1,0
43,198720,568,37,427582,0,2,1,0
30,45087,461,0,54036,1,2,1,0
64,196002,559,24,152867,0,1,1,0
22,179053,401,35,1128597,1,0,1,0
33,84298,805,16,379349,0,2,0,1
60,61167,870,23,695503,1,0,0,1
22,221376,546,1,432641,0,0,1,0
40,189480,836,39,347283,0,0,0,1
21,54499,430,14,770592,1,2,0,0
57,140816,652,31,593117,0,2,1,0
29,198341,495,38,401180,0,0,0,0
37,184631,681,5,811151,0,1,0,1
29,220391,526,0,643718,0,0,1,0
31,241389,775,22,410782,0,1,0,1
35,111347,776,38,22306,0,0,1,1
44,63787,564,16,588110,0,0,1,0
58,50488,671,33,34042,1,0,0,1
55,89441,785,28,418302,1,2,0,1
50,220735,733,8,682747,0,1,0,1
51,37431,510,12,623712,0,1,1,0
25,76681,871,5,757410,0,0,1,1
64,209555,676,5,159395,1,2,1,1
34,137720,694,19,871858,1,2,0,0
31,64153,749,2,1048457,0,1,0,0
29,21368,663,16,645311,1,2,1,0
54,173496,756,11,945783,0,1,0,1
32,127360,525,0,72780,0,1,0,0
55,191076,430,16,819340,0,1,1,0
55,229941,887,2,1159282,0,2,1,1
21,234724,775,25,132019,1,1,0,0
60,127755,576,14,381852,1,1,1,0
42,71985,455,35,189001,0,0,0,1
49,65069,517,31,805775,1,1,1,0
28,67326,489,31,1158836,1,1,1,0
31,123737,716,3,694494,0,0,1,1
61,227133,845,17,1039870,1,0,0,1
57,169470,340,18,603731,0,2,0,0
34,244465,606,34,764471,0,1,1,0
50,65861,637,39,329674,0,2,1,0
55,90897,613,13,670187,0,2,1,0
41,227977,374,32,106143,1,0,0,0
57,142118,578,13,154771,0,2,1,0
25,83577,475,33,1030332,1,1,1,0
39,211713,572,3,1018923,0,0,1,0
34,24078,588,23,910959,0,1,1,0
46,171075,571,28,670673,1,1,0,0
24,77768,365,18,121362,0,0,0,0
45,66047,782,5,186298,1,1,1,1
62,86626,547,32,593838,1,0,0,0
45,72660,455,39,483288,0,1,0,0
38,195858,346,18,275702,0,0,0,0
60,147997,753,0,1002812,0,2,1,0
28,230048,500,4,322257,0,1,0,0
59,132832,423,26,963847,0,0,0,0
60,145406,300,15,1116795,0,1,0,0
34,140150,490,5,964470,1,1,1,0
52,172087,878,39,699129,1,1,1,0
58,48320,815,12,785292,0,0,0,0
53,79881,741,34,246495,1,2,0,1
43,105827,442,18,291373,1,2,1,0
35,117215,490,11,199073,0,2,1,0
53,172361,832,15,369281,0,0,0,1
45,149461,526,9,834516,1,2,0,0
37,171755,612,24,878212,0,0,1,0
53,159701,601,19,1020396,1,1,1,0
22,76550,759,30,229707,0,1,0,1
34,39826,700,3,251249,1,2,1,1
60,115734,850,22,1095610,1,0,0,1
60,172702,692,1,181389,1,1,0,1
